"項次,N,10,0","年度,N,10,0","名稱,C,254","縣市,C,254","鄉鎮,C,254","村里,C,254","地標,C,254","誘因,C,254","壩體X_TW,N,10,0","壩體Y_TW,N,10,0","崩塌X_TW,N,10,0","崩塌Y_TW,N,10,0","事件,C,254","形成時間,C,254","持續時間(日),C,254","蓄水量(萬立方公尺),N,19,11",潰決時間,潰決原因,"存續狀態,C,254",坐落區位
1,1979,草嶺,雲林縣,古坑鄉,草嶺村,,降雨,216568,2608104,216969,2608424,0815豪雨,1979/8/15,9,"4,000.00",1979/08/24,豪雨沖刷,消失,河川
2,1993,丹大溪,南投縣,信義鄉,地利村,(丹大第40林班),降雨,256557,2626958,256355,2626897,,1993,,2.00,,,消失,林班地
3,1999,九份二山(韭菜湖溪),南投縣,國姓鄉,南港村,南港溪支流木屐蘭溪上游之澀仔坑溪與韭菜湖溪匯流處,地震,234861,2649561,234290,2650113,九二一地震,1999/9/21,持續至今,68.00,,,存在(已穩定),山坡地
4,1999,九份二山(澀仔坑溪),南投縣,國姓鄉,南港村,南港溪支流木屐蘭溪上游之澀仔坑溪與韭菜湖溪匯流處,地震,234486,2649559,234290,2650113,九二一地震,1999/9/21,持續至今,108.97,,,存在(已穩定),山坡地
5,1999,大安溪內灣段(斷層),臺中市,東勢區,下新里,大安溪中游，位於卓蘭鎮內灣與上新交界處，斷層隆起阻塞河道,地震,233276,2687010,,,九二一地震,1999/9/21,,0.00,,,消失,河川
6,1999,石盤溪(線浸),南投縣,鹿谷鄉,永隆村,石盤溪上游線浸山區(台大實驗林第10林班內),地震,231875,2627967,231822,2627883,九二一地震,1999/9/26,,0.00,,自然溢流,消失,山坡地
7,1999,旱溪,臺中市,豐原區,北陽里,大里溪支流旱溪，觀音橋至南陽橋間,地震,223523,2682491,223782,2682260,九二一地震,1999/9/21,,0.00,,,消失,河川
8,1999,沙漣河(斷層),臺中市,東勢區,興隆里,大甲溪支流，位於東勢鎮興隆橋下游50公尺，接近石岡水庫，斷層隆起阻塞河道,地震,231559,2686423,,,九二一地震,1999/9/21,,0.00,,,消失,河川
9,1999,草嶺,雲林縣,古坑鄉,草嶺村,濁水溪支流清水溪，掘沓山,地震,216812,2607804,217160,2609096,九二一地震,1999/9/21,1746,"4,600.00",,,消失,河川
10,1999,雪山坑溪,臺中市,和平區,達觀里,大安溪支流雪山坑溪，達觀村雪山花園農場處(大安溪第113林班),地震,248360,2688760,248090,2688488,九二一地震,1999/9/21,,16.00,,,消失,林班地
11,1999,頭汴坑溪龍寶橋(斷層),臺中市,太平區,頭汴里,龍寶橋上游200公尺,地震,224552,2668614,,,九二一地震,1999/9/21,,0.00,,,消失,山坡地
12,1999,石鼓盤溪,嘉義縣,阿里山鄉,豐山村,(水漾森林，阿里山第52林班),地震,229560,2608431,230000,2608130,九二一地震,1999/9/21,持續至今,23.10,,,存在(已穩定),林班地
13,2002,新武呂溪,臺東縣,海端鄉,霧鹿村,霧鹿天龍橋上游,降雨,252606,2564197,252606,2564197,,,,45.00,,,消失,山坡地
14,2005,知本溪,臺東縣,金峰鄉,嘉蘭村,(台東第33林班),地震,247403,2508523,247518,2508370,,2005/10/17,,39.80,,,消失,林班地
15,2006,龍泉溪,臺東縣,海端鄉,廣原村,(關山第3林班),颱風、地震,268461,2563439,268420,2563554,碧利斯颱風、0716地震,2006/7/15,1468,100.00,,,消失,林班地
16,2006,大崙溪 ,臺東縣,海端鄉,霧鹿村,(關山第28林班),,256134,2558144,256239,2558738,,2006/08/28,1424,8.00,,,消失,林班地
17,2008,合流坪,南投縣,信義鄉,地利村,(巒大第180林班),崩塌,250040,2631079,249872,2630261,,2008/3/12,,200.00,,,消失,林班地
18,2008,塔羅灣溪,南投縣,仁愛鄉,精英村,,颱風,269233,2658477,269156,2658614,辛樂克颱風,2008/9/14,1,0.00,,,消失,山坡地
19,2009,口社溪,屏東縣,三地門鄉,大社村,,颱風,218467,2524396,218078,2524908,莫拉克颱風,2009/8/8,4,0.00,,,消失,山坡地
20,2009,士文溪 ,屏東縣,春日鄉,力里村,(潮州第20林班),颱風,219051,2477158,218676,2477477,莫拉克颱風,2009/8/14,437,122.00,,,消失,山坡地
21,2009,太麻里溪(包盛社),臺東縣,金峰鄉,嘉蘭村,(包盛社、大武第9林班),颱風,231407,2497742,230405,2494906,莫拉克颱風,2009/8/8,433,533.00,,,消失,林班地
22,2009,木瓜溪銅門,花蓮縣,秀林鄉,銅門村, (木瓜山第19林班),地震,295427,2654484,296174,2655647,,2009/1/6,193,11.00,,,消失,林班地
23,2010,布唐布那斯溪,高雄市,桃源區,勤和里,,颱風,228613,2565755,225735,2568294,莫拉克颱風,2010/9,,70.00,,,消失,河川
24,2009,汝仍溪(牡丹村),屏東縣,牡丹鄉,牡丹村,(牡丹村、恆春第16林班),降雨,228842,2453255,228466,2453471,,,,0.00,,,消失,林班地
25,2009,和社溪,南投縣,信義鄉,神木村,,颱風,233605,2599271,232915,2599194,莫拉克颱風,2009/8/8,<24HR,0.00,,,消失,山坡地
26,2009,和社溪(頭坑野溪流出),南投縣,信義鄉,神木村,,颱風,236148,2606675,236182,2606696,莫拉克颱風,,,0.00,,,消失,河川
27,2009,拉克斯溪(梅蘭村),高雄市,桃源區,拉芙蘭里,(梅蘭村；荖濃溪第114林班),颱風,233726,2569356,234123,2569218,莫拉克颱風,2009/8/8,持續至今,74.00,,,存在(已穩定),林班地
28,2009,油車寮,嘉義縣,梅山鄉,太和村,,颱風,220015,2603347,220052,2603831,莫拉克颱風,2009/8/8,,0.00,,,消失,山坡地
29,2009,荖濃溪(梅山口),高雄市,桃源區,拉芙蘭里,(梅山口；旗山第77林班),颱風,230719,2574023,230771,2574134,莫拉克颱風,2009/8/8,3,0.00,,,消失,林班地
30,2009,建山(高市DF064),高雄市,桃源區,建山里,建山(高市DF064),降雨,218240,2555697,216285,2557327,,,,0.00,,,消失,山坡地
31,2009,荖濃溪上游主流堰塞湖 ,高雄市,桃源區,梅山里,(玉山第41林班),颱風,241688,2581447,241093,2581216,莫拉克颱風,2009/8/8,3,0.00,,,消失,林班地
32,2009,荖濃溪支流堰塞湖,高雄市,桃源區,拉芙蘭里,,颱風,231171,2573575,230967,2573590,莫拉克颱風,,,0.00,,,消失,山坡地
33,2009,荖濃溪支流濁口溪堰塞湖,高雄市,茂林區,茂林里,,颱風,214551,2531635,214525,2531801,莫拉克颱風,2009/8/8,11,0.00,,,消失,河川
34,2009,荖濃溪支流寶來溪上游堰塞湖,高雄市,桃源區,寶山里,神池營地; 荖濃溪第97林班,颱風,235644,2561698,235367,2562127,莫拉克颱風,,,0.00,,,消失,林班地
35,2009,荖濃溪復興部落堰塞湖,高雄市,桃源區,復興里,復興部落,颱風,229852,2568408,229844,2568510,莫拉克颱風,,,0.00,,,消失,山坡地
36,2009,陶賽溪,花蓮縣,秀林鄉,富世村,太魯閣梅園竹村步道2.9公里處溪谷; 立霧溪第46林班,崩塌,299061,2680808,298820,2680597,,2009/12/31,2,20.00,,,消失,林班地
37,2009,後堀溪,臺南市,南化區,闢山里,平坑產業道路鎮安宮,颱風,210854,2565272,212902,2564752,莫拉克颱風,2009/8/8,9,0.00,,,消失,林班地
38,2009,旗山溪小林村堰塞湖,高雄市,甲仙區,小林里,小林村; (旗山第21林班),颱風,213654,2562885,215661,2562658,莫拉克颱風,2009/8/9,1.5HR,"1,000.00",,,消失,林班地
39,2009,旗山溪上游堰塞湖(那瑪夏鄉),高雄市,那瑪夏區,達卡努瓦里,那瑪夏民生村上游七公里處;(那瑪夏鄉；旗山第16林班),颱風,223987,2579838,226159,2578013,莫拉克颱風,2009/8/8,730,157.00,,,消失,林班地
40,2011,新竹五峰,新竹縣,五峰鄉,桃山村,,崩塌,261293,2720608,261435,2720653,,2011/11/24,1,0.00,,,消失,河川
41,2012,布唐布那斯溪,高雄市,桃源區,桃源里,,降雨,228607,2565935,225076,2568845,2012年0610豪雨,2012/6/10,,0.00,,,消失,河川
42,2012,和社溪(頭坑野溪流出),南投縣,信義鄉,神木村,頭坑溪，隆華橋上游700公尺,降雨,236984,2607135,239375,2605726,2012年0610豪雨,2012/6/12,,6.00,,,消失,河川
43,2012,眉溪,南投縣,仁愛鄉,南豐村,仁愛鄉省道14號公路74.5k仁愛橋上游處,降雨,261542,2656040,261526,2656141,2012年0610豪雨,2012/6/12,1HR,0.00,,,消失,山坡地
44,2012,旗山溪一溪,高雄市,那瑪夏區,達卡努瓦里,,颱風,222240,2576821,225384,2576554,2012年0610豪雨及泰利颱風,2012/6/21,,0.00,,,消失,山坡地
45,2013,南清水溝溪,南投縣,鹿谷鄉,鳳凰村,鳳凰谷瀑谷上游300公尺,地震,229993,2625332,230084,2625444,2013年0602地震,2013/6/2,,1.00,,,消失,山坡地
46,2013,鹿谷,南投縣,鹿谷鄉,鳳凰村,鳳凰谷瀑谷下游400公尺,地震,229459,2625732,229497,2625842,2013年0602地震,,,0.00,,,消失,山坡地
47,2014,瓦黑爾溪,花蓮縣,秀林鄉,富世村,(立霧溪第54林班),,298340,2676159,298460,2675988,,2014/03/11,135,0.95,,,消失,林班地
48,2014,哈伊拉羅溪,南投縣,信義鄉,東埔村,(巒大第205林班),颱風,256104,2607567,255926,2607987,,,93,6.00,,,消失,林班地
49,2014,郡大溪(丹大溪),南投縣,信義鄉,地利村,(丹大第17林班),,261501,2625847,262043,2626000,,,,13.00,,,消失,林班地
50,2014,鹿野溪桃林,臺東縣,延平鄉,紅葉村,鹿野溪上游北絲鬮溪(延平第35林班),,242605,2532889,242541,2532885,,2014/10/21至26間,,0.00,,,消失,林班地
51,2015,烏來堰塞湖,新北市,烏來區,福山村,烏來第17林班,颱風,302471,2745937,302303,2746023,蘇迪勒颱風,2015/8/14,,0.60,,,消失,林班地
52,2015,塔次基里溪,花蓮縣,秀林鄉,富世村,六十四、七十七林班地交界處,颱風,293372,2673631,293256,2673938,蘇迪勒颱風,2015/8/12,40,11.00,,,消失,林班地
53,2016,立霧溪錐麓,花蓮縣,秀林鄉,富世村,中橫公路臺8線176.3k、立霧溪第20林班,,306048,2674175,306181,2674091,,2016/1/27,175,0.00,,,消失,林班地
54,2016,桃園霞雲溪,桃園市,復興區,霞雲里,,降雨,287731,2744508,287786,2744420,,2016/8/19,,0.27,,,消失,山坡地
55,2016,鹿野溪上游支流(松風溪),臺東縣,延平鄉,紅葉村,(延平第35林班),,241615,2527620,241630,2527531,,,,0.00,,,消失,林班地
56,2016,泰源南溪,臺東縣,東河鄉,尚德村,,颱風,273474,2538238,273536,2538377,尼伯特颱風,2016/7/9,,0.00,,,消失,山坡地
57,2016,萬里溪,花蓮縣,萬榮鄉,萬榮村,(林田山第112林班),地震,288163,2625895,288085,2625896,高雄美濃地震,2016/3/7,133,0.25,,,消失,林班地
58,2017,東埔蚋溪小半天,南投縣,鹿谷鄉,竹豐村,,降雨,224662,2622739,224666,2622690,,2017/6/3,1,0.00,,,消失,山坡地
59,2018,宜蘭石頭溪,宜蘭縣,大同鄉,茂安村,(太平山第30林班),降雨,295356,2718014,295533,2719242,,,,0.00,,,消失,林班地
60,2019,烏牛欄溪,臺中市,豐原區,東陽里,(八仙山第132林班),颱風,226456,2679379,226304,2679240,米塔颱風,2019/8/21,,0.00,,,消失,林班地
61,2021,臺東大南溪,臺東縣,卑南鄉,東興村, (台東第27林班),,245196,2513860,245239,2513774,,2021/2/5,251,170.00,,,消失,林班地
62,2021,桃園大曼溪,桃園市,復興區,華陵里,(大溪第35林班),降雨,290927,2729911,290872,2729949,110年0621豪雨,2021/6/19,,1.50,,,消失,林班地
63,2021,花蓮豐坪溪上游 ,花蓮縣,卓溪鄉,立山村, (玉里第27林班),,276191,2599287,276310,2599304,,2021/11/6,633,7.50,,,消失,林班地
64,2022,臺東新武呂溪,臺東縣,海端鄉,霧鹿村,關山第13林班與山坡地交界,降雨,255556,2562233,255502,2562230,,2022/11/20,243,8.60,,,消失,山坡地
65,2024,花蓮萬里溪,花蓮縣,萬榮鄉,萬榮村,(林田山第78林班),,279861,2630484,279877,2630378,,2024/3/13,134,55.00,,,消失,林班地
66,2024,花蓮木瓜溪 ,花蓮縣,秀林鄉,銅門村,(木瓜山57林班),地震,288508,2656067,288424,2655891,0403強震,2024/4/14,107,43.00,,,消失,林班地
67,2024,屏東率芒溪,屏東縣,春日鄉,士文村,,颱風,216259,2474822,216277,2475040,山陀兒颱風,2024/10/5,9,3.70,,,消失,山坡地
68,2024,新竹泰崗溪,新竹縣,尖石鄉,玉峰村,(大溪第114林班),颱風,284909,2717558,285304,2717542,康芮颱風,2024/11/2,持續至今,27.00,,,存在(監測中),林班地
69,2025,花蓮樂樂溪,花蓮縣,卓溪鄉,卓溪村,(秀姑巒第8林班),地震,266274,2586467,265282,2586988,0121地震,2025/1/25,143,8.60,2025/06/17,,消失,林班地
70,2025,雲林清水溪(草嶺),雲林縣,古坑鄉,草嶺村,,颱風,216173,2608410,216812,2609049,丹娜絲颱風,2025/7/8,2,"1,400.00",2025/07/10,溢流沖刷,消失,河川
71,2025,花蓮馬太鞍溪,花蓮縣,萬榮鄉,明利村,(林田山第118林班),颱風,280340,2621899,280002,2624183,薇帕颱風,2025/7/21,64,"9,100.00",2025/09/23,溢流沖刷,監測中,林班地
72,2025,花蓮立霧溪(燕子口),花蓮縣,秀林鄉,富世村,(燕子口、立霧溪第20林班),,306811,2674313,306759,2674314,,2025/10/17,9,190.00,2025/10/26,機具開挖,消失,林班地
73,2026,南投合歡溪,南投縣,仁愛鄉,力行村,合歡溪步道大約3.5公里處(大甲溪事業區第82林班),,275374,2672997,275327,2672937,4/7連日降雨,2026/04/07,56,4.00,,溢流道開挖、壩體降挖及湖區土方回填,消失,林班地
74,2026,加走寮溪,南投縣,竹山鄉,大鞍村,發生於加走寮溪，瑞龍瀑布園區,降雨,219263,2617702,219263,2617702,0612-0613連日降雨,2026/06/13,,10.00,,已形成溢流道並穩定溢流,存在(監測中),山坡地
75,2026,花蓮萬里溪,花蓮縣,萬榮鄉,萬榮村,,微地動 / 多起崩塌事件,277470,2632018,277470,2632018,,2026/06/20,,0.00,,,存在(監測中),林班地
註：原90處堰塞湖資料，後經由航遙測影像、DEM資料與歷史影像平台之歷史照片等比對分析，其中17處為無影像資訊、無河道阻塞跡象、規模極小者等已刪除。(更新時間1150610),,,,,,,,,,,,,,,,,,,